[
{"ItemName":"walkie-talkie", "RoughResults":["*"], "CoarseResults":["@"], "OneToOneResults":["@", "old phone"], "FineResults":["@", "boombox"], "VeryFineResults":["boombox"]},
{"ItemName":"old phone", "RoughResults":["*"], "CoarseResults":["@"], "OneToOneResults":["walkie-talkie", "@"], "FineResults":["@", "boombox"], "VeryFineResults":["boombox"]},
{"ItemName":"shovel", "RoughResults":["*"], "CoarseResults":["*"], "OneToOneResults":["@"], "FineResults":["stop sign", "yield sign"], "VeryFineResults":["*"]},
{"ItemName":"laser pointer", "RoughResults":["*"], "CoarseResults":["*"], "OneToOneResults":["@"], "FineResults":["flashlight", "@"], "VeryFineResults":["*", "homemade flashbang", "flashlight"]},
{"ItemName":"flashlight", "RoughResults":["*"], "CoarseResults":["laser pointer", "@"], "OneToOneResults":["@"], "FineResults":["pro-flashlight", "@"], "VeryFineResults":["*", "fancy lamp", "stun grenade"]},
{"ItemName":"pro-flashlight", "RoughResults":["laser pointer"], "CoarseResults":["flashlight", "@"], "OneToOneResults":["@"], "FineResults":["stun grenade", "fancy lamp", "*"], "VeryFineResults":["*", "fancy lamp"]},
{"ItemName":"key", "RoughResults":["*"], "CoarseResults":["*"], "OneToOneResults":["@"], "FineResults":["lockpicker"], "VeryFineResults":["lockpicker"]},
{"ItemName":"homemade flashbang", "RoughResults":["*"], "CoarseResults":["*"], "OneToOneResults":["@"], "FineResults":["stun grenade"], "VeryFineResults":["stun grenade"]},
{"ItemName":"tragedy", "RoughResults":["*"], "CoarseResults":["comedy", "@"], "OneToOneResults":["comedy"], "FineResults":["comedy", "@"], "VeryFineResults":["@"]},
{"ItemName":"comedy", "RoughResults":["*"], "CoarseResults":["@", "tragedy"], "OneToOneResults":["tragedy"], "FineResults":["@", "tragedy"], "VeryFineResults":["@"]},
{"ItemName":"toy robot", "RoughResults":["metal sheet"], "CoarseResults":["v-type engine"], "OneToOneResults":["@"], "FineResults":["@"], "VeryFineResults":["@"]},
{"ItemName":"v-type engine", "RoughResults":["metal sheet"], "CoarseResults":["big bolt", "large axle"], "OneToOneResults":["@"], "FineResults":["lockpicker", "toy robot"], "VeryFineResults":["toy robot", "toy robot", "*", "jetpack"]},
{"ItemName":"large axle", "RoughResults":["metal sheet"], "CoarseResults":["big bolt"], "OneToOneResults":["@"], "FineResults":["v-type engine", "lockpicker"], "VeryFineResults":["lockpicker", "lockpicker", "toy robot", "*"]},
{"ItemName":"big bolt", "RoughResults":["*"], "CoarseResults":["metal sheet"], "OneToOneResults":["@"], "FineResults":["large axle"], "VeryFineResults":["v-type engine", "lockpicker"]},
{"ItemName":"metal sheet", "RoughResults":["*"], "CoarseResults":["*"], "OneToOneResults":["@"], "FineResults":["big bolt"], "VeryFineResults":["large axle", "lockpicker"]},
{"ItemName":"airhorn", "RoughResults":["*"], "CoarseResults":["clown horn"], "OneToOneResults":["@", "clown horn"], "FineResults":["@", "bell"], "VeryFineResults":["bell"]},
{"ItemName":"clown horn", "RoughResults":["*"], "CoarseResults":["*"], "OneToOneResults":["airhorn", "@"], "FineResults":["airhorn"], "VeryFineResults":["bell"]},
{"ItemName":"bell", "RoughResults":["clown horn"], "CoarseResults":["airhorn"], "OneToOneResults":["@"], "FineResults":["@"], "VeryFineResults":["@"]},
{"ItemName":"candy", "RoughResults":["*"], "CoarseResults":["*"], "OneToOneResults":["@"], "FineResults":["toothpaste"], "VeryFineResults":["toothpaste"]},
{"ItemName":"teeth", "RoughResults":["candy"], "CoarseResults":["toothpaste"], "OneToOneResults":["@"], "FineResults":["teeth"], "VeryFineResults":["teeth"]},
{"ItemName":"toothpaste", "RoughResults":["*"], "CoarseResults":["candy"], "OneToOneResults":["@"], "FineResults":["teeth"], "VeryFineResults":["teeth"]},
{"ItemName":"pill bottle", "RoughResults":["*"], "CoarseResults":["*"], "OneToOneResults":["@"], "FineResults":["perfume bottle", "chemical jug"], "VeryFineResults":["chemical jug"]},
{"ItemName":"perfume bottle", "RoughResults":["*"], "CoarseResults":["pill bottle"], "OneToOneResults":["@"], "FineResults":["chemical jug"], "VeryFineResults":["hair dryer", "brush"]},
{"ItemName":"brush", "RoughResults":["*"], "CoarseResults":["pill bottle"], "OneToOneResults":["@"], "FineResults":["hair dryer"], "VeryFineResults":["hair dryer"]},
{"ItemName":"chemical jug", "RoughResults":["red soda"], "CoarseResults":["perfume bottle", "pill bottle"], "OneToOneResults":["@"], "FineResults":["jar of pickles"], "VeryFineResults":["jar of pickles"]},
{"ItemName":"red soda", "RoughResults":["*"], "CoarseResults":["*", "pill bottle"], "OneToOneResults":["@"], "FineResults":["jar of pickles"], "VeryFineResults":["chemical jug", "golden cup"]},
{"ItemName":"golden cup", "RoughResults":["dust pan", "flask"], "CoarseResults":["mug", "pill bottle", "red soda"], "OneToOneResults":["@"], "FineResults":["magnifying glass"], "VeryFineResults":["magnifying glass"]},
{"ItemName":"flask", "RoughResults":["*"], "CoarseResults":["mug", "pill bottle", "red soda"], "OneToOneResults":["@"], "FineResults":["magnifying glass"], "VeryFineResults":["golden cup"]}
]